-- phpMyAdmin SQL Dump
-- version 5.2.1
-- https://www.phpmyadmin.net/
--
-- Host: 127.0.0.1
-- Generation Time: Apr 24, 2024 at 01:03 PM
-- Server version: 10.4.32-MariaDB
-- PHP Version: 8.2.12

SET SQL_MODE = "NO_AUTO_VALUE_ON_ZERO";
START TRANSACTION;
SET time_zone = "+00:00";


/*!40101 SET @OLD_CHARACTER_SET_CLIENT=@@CHARACTER_SET_CLIENT */;
/*!40101 SET @OLD_CHARACTER_SET_RESULTS=@@CHARACTER_SET_RESULTS */;
/*!40101 SET @OLD_COLLATION_CONNECTION=@@COLLATION_CONNECTION */;
/*!40101 SET NAMES utf8mb4 */;

--
-- Database: `inventory_system`
--

-- --------------------------------------------------------

--
-- Table structure for table `categories`
--

CREATE TABLE `categories` (
  `id` int(11) UNSIGNED NOT NULL,
  `name` varchar(60) NOT NULL
) ENGINE=InnoDB DEFAULT CHARSET=utf8 COLLATE=utf8_general_ci;

--
-- Dumping data for table `categories`
--

INSERT INTO `categories` (`id`, `name`) VALUES
(1, 'Iphone'),
(6, 'Nokia'),
(5, 'Oppo'),
(8, 'Realme'),
(3, 'Samsung'),
(4, 'Vivo'),
(2, 'Xiaomi');

-- --------------------------------------------------------

--
-- Table structure for table `media`
--

CREATE TABLE `media` (
  `id` int(11) UNSIGNED NOT NULL,
  `file_name` varchar(255) NOT NULL,
  `file_type` varchar(100) NOT NULL
) ENGINE=InnoDB DEFAULT CHARSET=latin1 COLLATE=latin1_swedish_ci;

--
-- Dumping data for table `media`
--

INSERT INTO `media` (`id`, `file_name`, `file_type`) VALUES
(2, 'th.jpeg', 'image/jpeg'),
(3, 'Vivo-Y33s-Colours.jpg', 'image/jpeg'),
(4, 'th (1).jpeg', 'image/jpeg'),
(5, 'th (2).jpeg', 'image/jpeg'),
(6, 'galaxy-s23-ultra-rear-colors.jpg', 'image/jpeg'),
(7, 'gsmarena_002.jpg', 'image/jpeg'),
(8, 'th (3).jpeg', 'image/jpeg'),
(9, 'iphone_13_pink_3_5.jpg', 'image/jpeg'),
(10, 'vivo-v27e-front (1).jpg', 'image/jpeg'),
(11, 'th (5).jpeg', 'image/jpeg'),
(12, 'EC SKU - Galaxy A54-06-2250x2250.jpg', 'image/jpeg'),
(13, 'ip 11.jpeg', 'image/jpeg'),
(14, 'realme-c55-india-1683269584.jpg', 'image/jpeg');

-- --------------------------------------------------------

--
-- Table structure for table `products`
--

CREATE TABLE `products` (
  `id` int(11) UNSIGNED NOT NULL,
  `name` varchar(255) NOT NULL,
  `quantity` varchar(50) DEFAULT NULL,
  `buy_price` decimal(25,2) DEFAULT NULL,
  `sale_price` decimal(25,2) NOT NULL,
  `categorie_id` int(11) UNSIGNED NOT NULL,
  `media_id` int(11) DEFAULT 0,
  `date` datetime NOT NULL
) ENGINE=InnoDB DEFAULT CHARSET=utf8 COLLATE=utf8_general_ci;

--
-- Dumping data for table `products`
--

INSERT INTO `products` (`id`, `name`, `quantity`, `buy_price`, `sale_price`, `categorie_id`, `media_id`, `date`) VALUES
(1, 'Iphone Xr', '50', 4000000.00, 5000000.00, 1, 2, '2021-04-04 16:45:51'),
(2, 'Vivo Y33S', '50', 1200000.00, 1300000.00, 4, 3, '2021-04-04 18:44:52'),
(3, 'Xiaomi Redmi 13', '60', 2799000.00, 3000000.00, 2, 4, '2021-04-04 18:48:53'),
(4, 'Samsung Galaxy S23', '70', 9779000.00, 10000000.00, 3, 6, '2021-04-04 19:03:23'),
(5, 'Realme Note 50', '26', 1500000.00, 1400000.00, 8, 7, '2021-04-04 19:11:30'),
(6, 'Oppo A18', '66', 1600000.00, 1450000.00, 5, 5, '2021-04-04 19:13:35'),
(7, 'Nokia 2660', '20', 270000.00, 250000.00, 6, 8, '2021-04-04 19:15:38'),
(8, 'Iphone 13', '110', 11000000.00, 10000000.00, 1, 9, '2021-04-04 19:17:11'),
(9, 'Vivo v27e', '67', 11145000.00, 1200000.00, 4, 10, '2021-04-04 19:19:20'),
(10, 'Oppo a77s', '80', 2500000.00, 3000000.00, 5, 11, '2021-04-04 19:20:28'),
(11, 'Samsung Galaxy A54', '78', 5500000.00, 6000000.00, 3, 12, '2021-04-04 19:25:22'),
(12, 'Iphone 11', '99', 4500000.00, 5000000.00, 1, 13, '2021-04-04 19:48:01'),
(13, 'Realme c55', '44', 2500000.00, 3000000.00, 8, 14, '2021-04-04 19:49:00');

-- --------------------------------------------------------

--
-- Table structure for table `sales`
--

CREATE TABLE `sales` (
  `id` int(11) UNSIGNED NOT NULL,
  `product_id` int(11) UNSIGNED NOT NULL,
  `qty` int(11) NOT NULL,
  `price` decimal(25,2) NOT NULL,
  `date` date NOT NULL
) ENGINE=InnoDB DEFAULT CHARSET=utf8 COLLATE=utf8_general_ci;

--
-- Dumping data for table `sales`
--

INSERT INTO `sales` (`id`, `product_id`, `qty`, `price`, `date`) VALUES
(1, 1, 2, 1000.00, '2021-04-04'),
(2, 3, 3, 15.00, '2021-04-04'),
(3, 10, 6, 1932.00, '2021-04-04'),
(4, 6, 2, 830.00, '2021-04-04'),
(5, 12, 5, 50.00, '2021-04-04'),
(6, 13, 21, 399.00, '2021-04-04'),
(7, 7, 5, 35.00, '2021-04-04'),
(8, 9, 2, 110.00, '2021-04-04');

-- --------------------------------------------------------

--
-- Table structure for table `users`
--

CREATE TABLE `users` (
  `id` int(11) UNSIGNED NOT NULL,
  `name` varchar(60) NOT NULL,
  `username` varchar(50) NOT NULL,
  `password` varchar(255) NOT NULL,
  `user_level` int(11) NOT NULL,
  `image` varchar(255) DEFAULT 'no_image.jpg',
  `status` int(1) NOT NULL,
  `last_login` datetime DEFAULT NULL
) ENGINE=InnoDB DEFAULT CHARSET=latin1 COLLATE=latin1_swedish_ci;

--
-- Dumping data for table `users`
--

INSERT INTO `users` (`id`, `name`, `username`, `password`, `user_level`, `image`, `status`, `last_login`) VALUES
(1, 'Tiara Rizkita', 'Admin', 'd033e22ae348aeb5660fc2140aec35850c4da997', 1, 'no_image.png', 1, '2024-04-23 07:48:00'),
(2, 'Mita Rm', 'Special', 'ba36b97a41e7faf742ab09bf88405ac04f99599a', 2, 'no_image.png', 1, '2021-04-04 19:53:26'),
(3, 'Ega Pf', 'User', '12dea96fec20593566ab75692c9949596833adc9', 3, 'no_image.png', 1, '2021-04-04 19:54:46'),
(4, 'Rara', 'User', '5baa61e4c9b93f3f0682250b6cf8331b7ee68fd8', 3, 'no_image.png', 1, NULL),
(5, 'Raysa Td', 'User', '5baa61e4c9b93f3f0682250b6cf8331b7ee68fd8', 3, 'no_image.png', 1, '2021-04-04 19:54:29');

-- --------------------------------------------------------

--
-- Table structure for table `user_groups`
--

CREATE TABLE `user_groups` (
  `id` int(11) NOT NULL,
  `group_name` varchar(150) NOT NULL,
  `group_level` int(11) NOT NULL,
  `group_status` int(1) NOT NULL
) ENGINE=InnoDB DEFAULT CHARSET=latin1 COLLATE=latin1_swedish_ci;

--
-- Dumping data for table `user_groups`
--

INSERT INTO `user_groups` (`id`, `group_name`, `group_level`, `group_status`) VALUES
(1, 'Admin', 1, 1),
(2, 'special', 2, 1),
(3, 'User', 3, 1);

--
-- Indexes for dumped tables
--

--
-- Indexes for table `categories`
--
ALTER TABLE `categories`
  ADD PRIMARY KEY (`id`),
  ADD UNIQUE KEY `name` (`name`);

--
-- Indexes for table `media`
--
ALTER TABLE `media`
  ADD PRIMARY KEY (`id`),
  ADD KEY `id` (`id`);

--
-- Indexes for table `products`
--
ALTER TABLE `products`
  ADD PRIMARY KEY (`id`),
  ADD UNIQUE KEY `name` (`name`),
  ADD KEY `categorie_id` (`categorie_id`),
  ADD KEY `media_id` (`media_id`);

--
-- Indexes for table `sales`
--
ALTER TABLE `sales`
  ADD PRIMARY KEY (`id`),
  ADD KEY `product_id` (`product_id`);

--
-- Indexes for table `users`
--
ALTER TABLE `users`
  ADD PRIMARY KEY (`id`),
  ADD KEY `user_level` (`user_level`);

--
-- Indexes for table `user_groups`
--
ALTER TABLE `user_groups`
  ADD PRIMARY KEY (`id`),
  ADD UNIQUE KEY `group_level` (`group_level`);

--
-- AUTO_INCREMENT for dumped tables
--

--
-- AUTO_INCREMENT for table `categories`
--
ALTER TABLE `categories`
  MODIFY `id` int(11) UNSIGNED NOT NULL AUTO_INCREMENT, AUTO_INCREMENT=9;

--
-- AUTO_INCREMENT for table `media`
--
ALTER TABLE `media`
  MODIFY `id` int(11) UNSIGNED NOT NULL AUTO_INCREMENT, AUTO_INCREMENT=15;

--
-- AUTO_INCREMENT for table `products`
--
ALTER TABLE `products`
  MODIFY `id` int(11) UNSIGNED NOT NULL AUTO_INCREMENT, AUTO_INCREMENT=14;

--
-- AUTO_INCREMENT for table `sales`
--
ALTER TABLE `sales`
  MODIFY `id` int(11) UNSIGNED NOT NULL AUTO_INCREMENT, AUTO_INCREMENT=9;

--
-- AUTO_INCREMENT for table `users`
--
ALTER TABLE `users`
  MODIFY `id` int(11) UNSIGNED NOT NULL AUTO_INCREMENT, AUTO_INCREMENT=6;

--
-- AUTO_INCREMENT for table `user_groups`
--
ALTER TABLE `user_groups`
  MODIFY `id` int(11) NOT NULL AUTO_INCREMENT, AUTO_INCREMENT=4;

--
-- Constraints for dumped tables
--

--
-- Constraints for table `products`
--
ALTER TABLE `products`
  ADD CONSTRAINT `FK_products` FOREIGN KEY (`categorie_id`) REFERENCES `categories` (`id`) ON DELETE CASCADE ON UPDATE CASCADE;

--
-- Constraints for table `sales`
--
ALTER TABLE `sales`
  ADD CONSTRAINT `SK` FOREIGN KEY (`product_id`) REFERENCES `products` (`id`) ON DELETE CASCADE ON UPDATE CASCADE;

--
-- Constraints for table `users`
--
ALTER TABLE `users`
  ADD CONSTRAINT `FK_user` FOREIGN KEY (`user_level`) REFERENCES `user_groups` (`group_level`) ON DELETE CASCADE ON UPDATE CASCADE;
COMMIT;

/*!40101 SET CHARACTER_SET_CLIENT=@OLD_CHARACTER_SET_CLIENT */;
/*!40101 SET CHARACTER_SET_RESULTS=@OLD_CHARACTER_SET_RESULTS */;
/*!40101 SET COLLATION_CONNECTION=@OLD_COLLATION_CONNECTION */;
